id,name,email,signup_date
1,Nikita Crist,moises.sipes-effertz18@gmail.com,2023-10-14
2,Lola Greenholt,jedediah6@hotmail.com,2024-06-11
3,Braden Kiehn,devan18@hotmail.com,2024-02-28
4,Loren Bogisich,eda14@gmail.com,2023-02-10
5,Cullen Schultz,fletcher.mueller6@yahoo.com,2023-06-27
6,Stefan Carter,jamil.balistreri@yahoo.com,2023-06-21
7,Dell Roob,thelma18@gmail.com,2023-10-22
8,Floy Farrell,jaydon.carter94@yahoo.com,2023-10-11
9,Westley Fritsch-Kuphal,kariane.upton@gmail.com,2024-06-22
10,Nayeli Rempel,billy59@hotmail.com,2023-01-10
11,Lon Pollich,ayla_gerlach@yahoo.com,2023-10-17
12,Simone Nader,sammie.boehm@hotmail.com,2023-01-06
13,Abigale Lowe,dayana_ohara@hotmail.com,2023-02-21
14,Delilah Huel-Toy,jameson.goyette64@yahoo.com,2024-05-28
15,Hazle Ward,eduardo55@yahoo.com,2024-01-16
16,Kristopher Connelly-Leannon DDS,edmund_stroman@yahoo.com,2024-03-11
17,Ramon Hauck,immanuel3@gmail.com,2023-07-16
18,Nicolette Mueller,levi_larson-hand@gmail.com,2023-02-12
19,Rickie Jast,mazie_wilkinson@gmail.com,2023-08-18
20,Nannie Buckridge,isom.kozey@gmail.com,2023-12-03
