id,customer_id,placed_at,shipped_at,status,total
1,6,2023-07-16,2024-06-14,paid,428.97
2,7,2024-01-01,,paid,18.12
3,5,2024-11-28,2025-04-18,paid,231.83
4,5,2024-11-29,2025-11-14,shipped,101.91
5,1,2023-11-27,,new,343.09
6,1,2024-03-03,2024-03-11,shipped,144.52
7,1,2024-08-19,2025-07-05,shipped,402.73
8,2,2024-08-14,2025-06-04,shipped,209.24
9,3,2024-12-07,2025-11-11,shipped,217.35
10,9,2025-03-24,2026-02-16,paid,414.1
11,2,2025-05-03,2025-05-06,shipped,50.18
12,2,2025-05-23,2025-12-18,paid,226.98
13,2,2024-10-08,2025-07-09,shipped,395.86
14,1,2024-05-21,,paid,223.56
15,14,2024-10-03,2024-11-24,shipped,311.02
16,1,2023-11-20,2023-12-19,shipped,354.59
17,1,2023-11-20,2024-04-20,paid,407.34
18,17,2024-12-24,2025-05-10,new,389.69
19,5,2024-02-17,2024-03-28,paid,10.62
20,4,2023-03-20,2023-06-04,paid,374.29
21,5,2024-12-11,2025-03-25,shipped,115.68
22,17,2023-07-22,2023-08-13,shipped,266.21
23,19,2023-09-24,2024-12-17,paid,316.55
24,8,2024-05-01,2024-11-30,shipped,27.49
25,2,2025-05-23,2025-11-05,paid,142.3
26,1,2024-05-07,2024-12-06,new,487.33
27,19,2024-08-02,2024-11-22,shipped,343.94
28,1,2024-11-22,2025-11-03,shipped,308.64
29,3,2025-02-02,2025-02-18,new,191.35
30,11,2024-12-26,2025-07-30,paid,485.11
31,12,2024-09-05,2025-02-03,new,32.9
32,13,2024-08-26,2025-08-24,paid,385.65
33,16,2025-01-15,2025-06-28,new,477.26
34,6,2023-10-27,2024-07-20,paid,61.21
35,7,2024-06-05,2024-12-11,shipped,278.19
36,5,2024-10-24,2024-12-11,new,378.8
37,6,2024-07-19,2024-09-06,new,178.54
38,5,2024-01-30,2024-12-25,paid,259.42
39,10,2023-10-23,2024-11-01,shipped,77.8
40,16,2024-09-06,2025-02-20,shipped,248.85
41,2,2025-01-28,2025-02-24,new,68.38
42,1,2023-12-14,2024-02-21,paid,448.91
43,4,2024-05-16,2024-07-25,new,88.62
44,2,2024-08-14,,new,233.09
45,1,2024-03-24,2024-11-30,new,400.71
46,6,2023-08-05,2024-11-21,new,142.05
47,11,2024-09-11,2024-11-26,paid,244.84
48,6,2024-01-13,2024-10-11,new,129.95
49,8,2024-11-15,2025-05-28,new,226.47
50,4,2023-07-27,2024-02-09,new,164.43
51,1,2024-03-07,2025-01-26,paid,341.16
52,10,2024-01-04,,paid,295.49
53,9,2024-11-26,2025-03-09,paid,324.73
54,5,2024-01-10,2024-08-18,new,55.38
55,1,2024-01-31,2024-04-08,new,90.82
56,14,2024-06-26,2024-11-22,shipped,60.46
57,3,2025-02-15,2025-12-10,new,89.59
58,7,2024-12-01,2025-06-27,new,385.9
59,1,2024-03-06,2024-09-07,new,61.84
60,6,2023-11-29,2024-01-29,paid,268.63
61,1,2024-03-11,2024-04-03,shipped,164.56
62,11,2024-02-06,2024-11-09,paid,238.43
63,3,2024-07-04,2025-05-03,shipped,66.52
64,8,2024-12-04,2024-12-28,shipped,289.36
65,12,2023-04-17,2023-08-21,new,86.31
66,11,2024-08-06,2024-12-14,shipped,199.26
67,11,2024-04-28,2024-10-13,new,375.07
68,4,2023-07-20,2024-02-08,paid,453.71
69,6,2023-08-25,2024-06-30,paid,73.94
70,10,2024-04-01,2025-02-21,shipped,80.08
71,2,2024-09-09,2024-09-21,paid,382.42
72,13,2023-10-11,2023-11-29,shipped,68.1
73,3,2024-12-15,2025-03-08,shipped,361.42
74,6,2024-07-13,2024-10-12,paid,94.89
75,15,2024-08-15,2025-01-30,shipped,80.91
76,5,2024-04-02,2024-04-08,shipped,466.4
77,5,2024-07-16,2025-03-31,new,290.26
78,6,2024-02-13,2025-01-19,shipped,228.16
79,1,2024-12-25,2025-02-08,shipped,435.6
80,4,2024-03-24,2024-04-12,paid,402.42
81,1,2024-03-10,2024-09-22,shipped,176.44
82,2,2025-03-07,2025-05-27,paid,74.72
83,1,2024-05-22,2025-04-20,paid,292.39
84,6,2023-06-28,2023-10-04,shipped,78.58
85,3,2024-03-30,2024-09-29,paid,38.2
86,9,2024-09-06,2024-11-19,new,23.09
87,4,2024-03-06,,shipped,229.38
88,4,2023-12-11,2024-07-14,new,95.05
89,13,2024-11-25,2025-03-03,paid,207.32
90,1,2023-12-22,2024-08-25,new,114.87
91,1,2024-08-07,,new,400.96
92,1,2024-07-30,2024-09-04,new,362.52
93,12,2024-08-30,2025-04-30,new,150.11
94,14,2024-06-01,,new,18.13
95,1,2024-06-29,2025-05-20,shipped,174.2
96,2,2024-10-27,2025-02-01,paid,207.66
97,5,2024-02-23,2025-02-03,shipped,74.35
98,13,2024-01-18,2024-11-04,paid,16.12
99,2,2024-12-25,2025-03-29,new,418.29
100,19,2024-05-07,2024-08-14,new,457.58
